episode_id,package_id,source_family,paper_split,initial_state_grounding,initial_state_visibility,source_documents_visibility,supplier_directory_grounding,supplier_directory_visibility,supplier_internal_profile_visibility,quotes_messages_grounding,future_event_visibility,oracle_visibility,evaluation_visibility,evaluator_ground_truth,synthetic_requirement_events,primary_failure_mechanisms
electrical-bongabon-generator-001,ph-bongabon-wd-13076574,PhilGEPS,development_calibration,real_public,visible_at_reset,not_runtime_input,synthetic,hidden_until_identify_suppliers,never_exposed_directly,synthetic,hidden_until_trigger,never_exposed,post_run_only,real_initial_state+controlled_scenario_oracle,,supplier_non_response;quote_received;quote_revision;lead_time_conflict;compliance_conflict
electrical-national-museum-lighting-002,ph-national-museum-11489658,PhilGEPS,development_calibration,real_public,visible_at_reset,not_runtime_input,synthetic,hidden_until_identify_suppliers,never_exposed_directly,synthetic,hidden_until_trigger,never_exposed,post_run_only,real_initial_state+controlled_scenario_oracle,,multi_lot;quote_received;quote_revision;lead_time_conflict;budget_conflict
electrical-neust-cable-003,ph-neust-11352026,PhilGEPS,development_calibration,real_public,visible_at_reset,not_runtime_input,synthetic,hidden_until_identify_suppliers,never_exposed_directly,synthetic,hidden_until_trigger,never_exposed,post_run_only,real_initial_state+controlled_scenario_oracle,quantity_change,requirement_change;quantity_change;substitution_proposed;supplier_non_response;quote_revision;budget_conflict
electrical-dla-breaker-004,us-dla-nsn5925014302318-2026-07-28,SAM.gov,development_calibration,real_public,visible_at_reset,not_runtime_input,synthetic,hidden_until_identify_suppliers,never_exposed_directly,synthetic,hidden_until_trigger,never_exposed,post_run_only,real_initial_state+controlled_scenario_oracle,,supplier_eligibility;quote_received;lead_time_conflict;supplier_withdrawal;quote_revision
electrical-barrie-transformer-005,ca-barrie-fin2026-162q,Barrie Bids & Tenders,development_calibration,real_public,visible_at_reset,not_runtime_input,synthetic,hidden_until_identify_suppliers,never_exposed_directly,synthetic,hidden_until_trigger,never_exposed,post_run_only,real_initial_state+controlled_scenario_oracle,buyer_clarification,requirement_gap;supplier_question;quote_received;quote_revision;compliance_conflict
electrical-bfar-generator-006,ph-bfar5bac-2024-007,PhilGEPS,development_calibration,real_public,visible_at_reset,not_runtime_input,synthetic,hidden_until_identify_suppliers,never_exposed_directly,synthetic,hidden_until_trigger,never_exposed,post_run_only,real_initial_state+controlled_scenario_oracle,,supplier_non_response;supplier_question;quote_received;quote_revision;lead_time_conflict;compliance_conflict
electrical-negros-wire-007,ph-negros-oriental-12937154,PhilGEPS,development_calibration,real_public,visible_at_reset,not_runtime_input,synthetic,hidden_until_identify_suppliers,never_exposed_directly,synthetic,hidden_until_trigger,never_exposed,post_run_only,real_initial_state+controlled_scenario_oracle,buyer_clarification,requirement_gap;quote_received;quote_revision;lead_time_conflict;budget_conflict;compliance_conflict
electrical-burauen-generator-008,ph-burauen-13076346,PhilGEPS,development_calibration,real_public,visible_at_reset,not_runtime_input,synthetic,hidden_until_identify_suppliers,never_exposed_directly,synthetic,hidden_until_trigger,never_exposed,post_run_only,real_initial_state+controlled_scenario_oracle,,quote_received;quote_revision;lead_time_conflict;supplier_withdrawal;budget_conflict
electrical-highpoint-transformer-009,us-high-point-8017-112221,High Point municipal PDF,development_calibration,real_public,visible_at_reset,not_runtime_input,synthetic,hidden_until_identify_suppliers,never_exposed_directly,synthetic,hidden_until_trigger,never_exposed,post_run_only,real_initial_state+controlled_scenario_oracle,buyer_clarification,requirement_gap;quote_received;quote_revision;lead_time_conflict;compliance_conflict
electrical-painesville-switchgear-010,us-painesville-switchgear-2026,Painesville municipal portal,development_calibration,real_public,visible_at_reset,not_runtime_input,synthetic,hidden_until_identify_suppliers,never_exposed_directly,synthetic,hidden_until_trigger,never_exposed,post_run_only,real_initial_state+controlled_scenario_oracle,buyer_clarification,requirement_gap;multi_lot;quote_received;quote_revision;lead_time_conflict
electrical-sagada-generator-011,ph-sagada-12909220,PhilGEPS,development_calibration,real_public,visible_at_reset,not_runtime_input,synthetic,hidden_until_identify_suppliers,never_exposed_directly,synthetic,hidden_until_trigger,never_exposed,post_run_only,real_initial_state+controlled_scenario_oracle,requirement_change,supplier_non_response;requirement_change;quote_received;quote_revision;lead_time_conflict;budget_conflict
electrical-dla-relay-012,us-dla-nsn5945016793948-2026-05-28,SAM.gov,development_calibration,real_public,visible_at_reset,not_runtime_input,synthetic,hidden_until_identify_suppliers,never_exposed_directly,synthetic,hidden_until_trigger,never_exposed,post_run_only,real_initial_state+controlled_scenario_oracle,,supplier_non_response;supplier_withdrawal;quote_received;quote_revision;lead_time_conflict;compliance_conflict
electrical-dla-transformer-013,us-dla-nsn5950015217950-2026-09-09,SAM.gov,development_calibration,real_public,visible_at_reset,not_runtime_input,synthetic,hidden_until_identify_suppliers,never_exposed_directly,synthetic,hidden_until_trigger,never_exposed,post_run_only,real_initial_state+controlled_scenario_oracle,buyer_clarification,requirement_gap;supplier_question;quote_received;quote_revision;lead_time_conflict;budget_conflict
electrical-dla-battery-supply-014,us-dla-nsn6130015669043-2026-07-27,SAM.gov,development_calibration,real_public,visible_at_reset,not_runtime_input,synthetic,hidden_until_identify_suppliers,never_exposed_directly,synthetic,hidden_until_trigger,never_exposed,post_run_only,real_initial_state+controlled_scenario_oracle,,multi_lot;supplier_eligibility;quote_received;quote_revision;lead_time_conflict;compliance_conflict
electrical-dla-battery-charger-015,us-dla-spe4a526t470l,SAM.gov,development_calibration,real_public,visible_at_reset,not_runtime_input,synthetic,hidden_until_identify_suppliers,never_exposed_directly,synthetic,hidden_until_trigger,never_exposed,post_run_only,real_initial_state+controlled_scenario_oracle,,supplier_eligibility;supplier_withdrawal;supplier_question;quote_received;quote_revision;lead_time_conflict
electrical-dla-power-supply-016,us-dla-spe7lx26u8478,SAM.gov,development_calibration,real_public,visible_at_reset,not_runtime_input,synthetic,hidden_until_identify_suppliers,never_exposed_directly,synthetic,hidden_until_trigger,never_exposed,post_run_only,real_initial_state+controlled_scenario_oracle,requirement_change,supplier_non_response;requirement_change;quote_received;quote_revision;lead_time_conflict;compliance_conflict
electrical-dla-qpl-breaker-017,us-dla-spe7m526q1053,SAM.gov,development_calibration,real_public,visible_at_reset,not_runtime_input,synthetic,hidden_until_identify_suppliers,never_exposed_directly,synthetic,hidden_until_trigger,never_exposed,post_run_only,real_initial_state+controlled_scenario_oracle,,supplier_eligibility;supplier_question;quote_received;quote_revision;lead_time_conflict;compliance_conflict
electrical-highpoint-cable-018,us-high-point-20-042022,High Point municipal PDF,development_calibration,real_public,visible_at_reset,not_runtime_input,synthetic,hidden_until_identify_suppliers,never_exposed_directly,synthetic,hidden_until_trigger,never_exposed,post_run_only,real_initial_state+controlled_scenario_oracle,buyer_clarification,requirement_gap;multi_lot;substitution_proposed;quote_received;quote_revision;lead_time_conflict;compliance_conflict
electrical-usaf-ups-019,us-usaf-f3g3jb6175ag01,SAM.gov,development_calibration,real_public,visible_at_reset,not_runtime_input,synthetic,hidden_until_identify_suppliers,never_exposed_directly,synthetic,hidden_until_trigger,never_exposed,post_run_only,real_initial_state+controlled_scenario_oracle,,supplier_eligibility;supplier_withdrawal;supplier_question;quote_received;quote_revision;lead_time_conflict;compliance_conflict
electrical-vre-generator-020,us-vre-rfq-001-fy27,VRE procurement portal,development_calibration,real_public,visible_at_reset,not_runtime_input,synthetic,hidden_until_identify_suppliers,never_exposed_directly,synthetic,hidden_until_trigger,never_exposed,post_run_only,real_initial_state+controlled_scenario_oracle,buyer_clarification;requirement_change,requirement_gap;supplier_non_response;requirement_change;quote_received;quote_revision;lead_time_conflict;budget_conflict
electrical-columbus-switchgear-021,us-columbus-rfq029445,Columbus municipal bulletin,held_out_test,real_public,visible_at_reset,not_runtime_input,synthetic,hidden_until_identify_suppliers,never_exposed_directly,synthetic,hidden_until_trigger,never_exposed,post_run_only,real_initial_state+controlled_scenario_oracle,buyer_clarification,requirement_gap;supplier_non_response;quote_received;supplier_eligibility;budget_conflict
electrical-eweb-transformer-022,us-eweb-rfp-25-030-g,OregonBuys,held_out_test,real_public,visible_at_reset,not_runtime_input,synthetic,hidden_until_identify_suppliers,never_exposed_directly,synthetic,hidden_until_trigger,never_exposed,post_run_only,real_initial_state+controlled_scenario_oracle,buyer_clarification,requirement_gap;quote_received;quote_revision;compliance_conflict;lead_time_conflict;budget_conflict
electrical-lompoc-transformer-023,us-lompoc-rfq-3099,Lompoc municipal portal,held_out_test,real_public,visible_at_reset,not_runtime_input,synthetic,hidden_until_identify_suppliers,never_exposed_directly,synthetic,hidden_until_trigger,never_exposed,post_run_only,real_initial_state+controlled_scenario_oracle,buyer_clarification,requirement_gap;supplier_withdrawal;quote_received;quote_revision;lead_time_conflict;budget_conflict
electrical-njang-generator-024,us-njang-w50s8f26qa022,SAM.gov,held_out_test,real_public,visible_at_reset,not_runtime_input,synthetic,hidden_until_identify_suppliers,never_exposed_directly,synthetic,hidden_until_trigger,never_exposed,post_run_only,real_initial_state+controlled_scenario_oracle,buyer_clarification,requirement_gap;multi_lot;supplier_eligibility;quote_received;budget_conflict
electrical-port-angeles-transformers-025,us-port-angeles-mec-2025-18,Port Angeles municipal portal,held_out_test,real_public,visible_at_reset,not_runtime_input,synthetic,hidden_until_identify_suppliers,never_exposed_directly,synthetic,hidden_until_trigger,never_exposed,post_run_only,real_initial_state+controlled_scenario_oracle,buyer_clarification,requirement_gap;quote_received;compliance_conflict;lead_time_conflict;budget_conflict
electrical-greenport-transformers-026,us-greenport-transformers-2025,Greenport municipal PDF,held_out_test,real_public,visible_at_reset,not_runtime_input,synthetic,hidden_until_identify_suppliers,never_exposed_directly,synthetic,hidden_until_trigger,never_exposed,post_run_only,real_initial_state+controlled_scenario_oracle,,supplier_question;quote_received;quote_revision;supplier_eligibility;compliance_conflict;lead_time_conflict
electrical-san-bruno-ev-chargers-027,us-san-bruno-ev-chargers-51035,San Bruno municipal portal,held_out_test,real_public,visible_at_reset,not_runtime_input,synthetic,hidden_until_identify_suppliers,never_exposed_directly,synthetic,hidden_until_trigger,never_exposed,post_run_only,real_initial_state+controlled_scenario_oracle,buyer_clarification,requirement_gap;supplier_non_response;supplier_eligibility;quote_received;budget_conflict
electrical-shelter-island-solar-bess-028,us-shelter-island-solar-bess-2026,Shelter Island municipal portal,held_out_test,real_public,visible_at_reset,not_runtime_input,synthetic,hidden_until_identify_suppliers,never_exposed_directly,synthetic,hidden_until_trigger,never_exposed,post_run_only,real_initial_state+controlled_scenario_oracle,buyer_clarification,requirement_gap;supplier_question;multi_lot;quote_received;lead_time_conflict;budget_conflict
electrical-philadelphia-switchgear-mcc-029,us-philadelphia-b2627071,Philadelphia PHLContracts,held_out_test,real_public,visible_at_reset,not_runtime_input,synthetic,hidden_until_identify_suppliers,never_exposed_directly,synthetic,hidden_until_trigger,never_exposed,post_run_only,real_initial_state+controlled_scenario_oracle,buyer_clarification;requirement_change,requirement_gap;requirement_change;quote_received;quote_revision;supplier_eligibility;budget_conflict
electrical-detroit-generator-ats-030,us-detroit-or-s-q10041-00016402,OregonBuys,held_out_test,real_public,visible_at_reset,not_runtime_input,synthetic,hidden_until_identify_suppliers,never_exposed_directly,synthetic,hidden_until_trigger,never_exposed,post_run_only,real_initial_state+controlled_scenario_oracle,buyer_clarification,requirement_gap;supplier_withdrawal;quote_received;quote_revision;supplier_eligibility;multi_lot
